{"cameraMode":{"drawMode":0,"name":"Shaded","section":"Shading Mode"},"sceneLighting":false,"audioPlay":false,"sceneViewState":{"showFog":false,"showMaterialUpdate":false,"showSkybox":false,"showFlares":false,"showImageEffects":false,"showParticleSystems":false},"in2DMode":false,"pivot":{"x":3.2049999237060549,"y":1.374500036239624,"z":-0.2460000067949295},"rotation":{"x":0.08980515599250794,"y":-0.04032592102885246,"z":-0.0036406428553164007,"w":-0.995136022567749},"size":11.53674030303955,"orthographic":true}