{"cameraMode":{"drawMode":0,"name":"Shaded","section":"Shading Mode"},"sceneLighting":false,"audioPlay":false,"sceneViewState":{"showFog":true,"showMaterialUpdate":false,"showSkybox":false,"showFlares":true,"showImageEffects":true,"showParticleSystems":true},"in2DMode":false,"pivot":{"x":0.04313766956329346,"y":0.3556309938430786,"z":11.387445449829102},"rotation":{"x":0.010499024763703347,"y":0.011999061331152916,"z":0.00012598918692674488,"w":-0.9998729228973389},"size":14.435394287109375,"orthographic":false}