{"cameraMode":{"drawMode":0,"name":"Shaded","section":"Shading Mode"},"sceneLighting":false,"audioPlay":false,"sceneViewState":{"showFog":false,"showMaterialUpdate":false,"showSkybox":false,"showFlares":false,"showImageEffects":false,"showParticleSystems":false},"in2DMode":false,"pivot":{"x":-1.026611328125,"y":1.688232421875,"z":-9.3515625},"rotation":{"x":-0.05987143516540527,"y":-0.05537298694252968,"z":0.0033253529109060766,"w":-0.9966635704040527},"size":13.843680381774903,"orthographic":true}