{"cameraMode":{"drawMode":0,"name":"Shaded","section":"Shading Mode"},"sceneLighting":false,"audioPlay":false,"sceneViewState":{"showFog":false,"showMaterialUpdate":false,"showSkybox":false,"showFlares":false,"showImageEffects":false,"showParticleSystems":false},"in2DMode":false,"pivot":{"x":-0.09269380569458008,"y":-1.2100167274475098,"z":0.17000001668930055},"rotation":{"x":-0.05393829569220543,"y":0.03593882545828819,"z":-0.0019439483294263483,"w":-0.9978954792022705},"size":20.52178382873535,"orthographic":true}