{"cameraMode":{"drawMode":0,"name":"Shaded","section":"Shading Mode"},"sceneLighting":false,"audioPlay":false,"sceneViewState":{"showFog":true,"showMaterialUpdate":true,"showSkybox":true,"showFlares":true,"showImageEffects":true,"showParticleSystems":true},"in2DMode":false,"pivot":{"x":-0.11273728311061859,"y":0.05734626576304436,"z":-0.05465489625930786},"rotation":{"x":0.0014841498341411353,"y":0.14498703181743623,"z":0.00021748075960204005,"w":-0.9894324541091919},"size":0.4622129201889038,"orthographic":false}