{"cameraMode":{"drawMode":0,"name":"Shaded","section":"Shading Mode"},"sceneLighting":false,"audioPlay":false,"sceneViewState":{"showFog":false,"showMaterialUpdate":false,"showSkybox":false,"showFlares":false,"showImageEffects":false,"showParticleSystems":false},"in2DMode":false,"pivot":{"x":-2.3366856575012209,"y":0.043041229248046878,"z":9.488448143005371},"rotation":{"x":0.08980515599250794,"y":-0.04032592102885246,"z":-0.0036406428553164007,"w":-0.995136022567749},"size":20.057735443115236,"orthographic":true}