{"cameraMode":{"drawMode":0,"name":"Shaded","section":"Shading Mode"},"sceneLighting":false,"audioPlay":false,"sceneViewState":{"showFog":false,"showMaterialUpdate":false,"showSkybox":false,"showFlares":false,"showImageEffects":false,"showParticleSystems":false},"in2DMode":false,"pivot":{"x":-5.466897487640381,"y":0.7371716499328613,"z":9.237630844116211},"rotation":{"x":0.08980515599250794,"y":-0.04032592102885246,"z":-0.0036406428553164007,"w":-0.995136022567749},"size":53.587974548339847,"orthographic":true}