{"cameraMode":{"drawMode":0,"name":"Shaded","section":"Shading Mode"},"sceneLighting":false,"audioPlay":false,"sceneViewState":{"showFog":false,"showMaterialUpdate":false,"showSkybox":false,"showFlares":false,"showImageEffects":false,"showParticleSystems":false},"in2DMode":false,"pivot":{"x":-8.145502090454102,"y":1.125,"z":-3.875002145767212},"rotation":{"x":0.08980515599250794,"y":-0.04032592102885246,"z":-0.0036406428553164007,"w":-0.995136022567749},"size":29.997480392456056,"orthographic":true}