{"cameraMode":{"drawMode":0,"name":"Shaded","section":"Shading Mode"},"sceneLighting":false,"audioPlay":false,"sceneViewState":{"showFog":true,"showMaterialUpdate":false,"showSkybox":false,"showFlares":true,"showImageEffects":true,"showParticleSystems":true},"in2DMode":false,"pivot":{"x":0.39687442779541018,"y":-0.18832743167877198,"z":0.0853261947631836},"rotation":{"x":0.010499024763703347,"y":0.011999061331152916,"z":0.00012598918692674488,"w":-0.9998729228973389},"size":8.150382995605469,"orthographic":false}