{"cameraMode":{"drawMode":0,"name":"Shaded","section":"Shading Mode"},"sceneLighting":false,"audioPlay":false,"sceneViewState":{"showFog":false,"showMaterialUpdate":false,"showSkybox":false,"showFlares":false,"showImageEffects":false,"showParticleSystems":false},"in2DMode":false,"pivot":{"x":6.753293991088867,"y":-4.818376541137695,"z":25.648914337158204},"rotation":{"x":-0.2214013785123825,"y":0.4547306299209595,"z":-0.11780865490436554,"w":-0.8545891642570496},"size":35.934593200683597,"orthographic":true}