{"cameraMode":{"drawMode":0,"name":"Shaded","section":"Shading Mode"},"sceneLighting":false,"audioPlay":false,"sceneViewState":{"showFog":true,"showMaterialUpdate":false,"showSkybox":false,"showFlares":true,"showImageEffects":true,"showParticleSystems":true},"in2DMode":false,"pivot":{"x":-0.01836256869137287,"y":0.008418835699558258,"z":0.07122361660003662},"rotation":{"x":0.010499024763703347,"y":0.011999061331152916,"z":0.00012598918692674488,"w":-0.9998729228973389},"size":1.6743292808532715,"orthographic":false}