{"cameraMode":{"drawMode":0,"name":"Shaded","section":"Shading Mode"},"sceneLighting":false,"audioPlay":false,"sceneViewState":{"showFog":true,"showMaterialUpdate":false,"showSkybox":false,"showFlares":true,"showImageEffects":true,"showParticleSystems":true},"in2DMode":false,"pivot":{"x":3.31725811958313,"y":-0.19239570200443269,"z":0.15551114082336427},"rotation":{"x":0.010499024763703347,"y":0.011999061331152916,"z":0.00012598918692674488,"w":-0.9998729228973389},"size":4.053464889526367,"orthographic":false}