{"cameraMode":{"drawMode":0,"name":"Shaded","section":"Shading Mode"},"sceneLighting":false,"audioPlay":false,"sceneViewState":{"showFog":true,"showMaterialUpdate":true,"showSkybox":true,"showFlares":true,"showImageEffects":true,"showParticleSystems":true},"in2DMode":false,"pivot":{"x":-2.854130268096924,"y":0.263178288936615,"z":10.224320411682129},"rotation":{"x":0.0014841498341411353,"y":0.14498703181743623,"z":0.00021748075960204005,"w":-0.9894324541091919},"size":12.220071792602539,"orthographic":false}