{"cameraMode":{"drawMode":0,"name":"Shaded","section":"Shading Mode"},"sceneLighting":false,"audioPlay":false,"sceneViewState":{"showFog":false,"showMaterialUpdate":false,"showSkybox":false,"showFlares":false,"showImageEffects":false,"showParticleSystems":false},"in2DMode":false,"pivot":{"x":1.417724609375,"y":-2.56494140625,"z":11.41015625},"rotation":{"x":-0.05987143516540527,"y":-0.05537298694252968,"z":0.0033253529109060766,"w":-0.9966635704040527},"size":10.63393497467041,"orthographic":true}