{"cameraMode":{"drawMode":0,"name":"Shaded","section":"Shading Mode"},"sceneLighting":false,"audioPlay":false,"sceneViewState":{"showFog":false,"showMaterialUpdate":false,"showSkybox":false,"showFlares":false,"showImageEffects":false,"showParticleSystems":false},"in2DMode":false,"pivot":{"x":1.958740234375,"y":-1.2686767578125,"z":11.7255859375},"rotation":{"x":-0.05987143516540527,"y":-0.05537298694252968,"z":0.0033253529109060766,"w":-0.9966635704040527},"size":7.3561930656433109,"orthographic":true}