{"cameraMode":{"drawMode":0,"name":"Shaded","section":"Shading Mode"},"sceneLighting":false,"audioPlay":false,"sceneViewState":{"showFog":false,"showMaterialUpdate":false,"showSkybox":false,"showFlares":false,"showImageEffects":false,"showParticleSystems":false},"in2DMode":false,"pivot":{"x":35.503753662109378,"y":0.8995361328125,"z":-4.95068359375},"rotation":{"x":0.08980515599250794,"y":-0.04032592102885246,"z":-0.0036406428553164007,"w":-0.995136022567749},"size":3.201366662979126,"orthographic":true}