{"cameraMode":{"drawMode":0,"name":"Shaded","section":"Shading Mode"},"sceneLighting":false,"audioPlay":false,"sceneViewState":{"showFog":true,"showMaterialUpdate":false,"showSkybox":false,"showFlares":true,"showImageEffects":true,"showParticleSystems":true},"in2DMode":false,"pivot":{"x":2.855424642562866,"y":-0.5640348196029663,"z":0.15223455429077149},"rotation":{"x":0.010499024763703347,"y":0.011999061331152916,"z":0.00012598918692674488,"w":-0.9998729228973389},"size":12.305435180664063,"orthographic":false}