{"cameraMode":{"drawMode":0,"name":"Shaded","section":"Shading Mode"},"sceneLighting":false,"audioPlay":false,"sceneViewState":{"showFog":false,"showMaterialUpdate":false,"showSkybox":false,"showFlares":false,"showImageEffects":false,"showParticleSystems":false},"in2DMode":false,"pivot":{"x":0.34393310546875,"y":0.039794921875,"z":-0.04345703125},"rotation":{"x":-0.05987143516540527,"y":-0.05537298694252968,"z":0.0033253529109060766,"w":-0.9966635704040527},"size":2.9683215618133547,"orthographic":true}