{"cameraMode":{"drawMode":0,"name":"Shaded","section":"Shading Mode"},"sceneLighting":false,"audioPlay":false,"sceneViewState":{"showFog":false,"showMaterialUpdate":false,"showSkybox":false,"showFlares":false,"showImageEffects":false,"showParticleSystems":false},"in2DMode":false,"pivot":{"x":0.44140625,"y":-2.9682421684265138,"z":8.500707626342774},"rotation":{"x":-0.15240105986595155,"y":0.005929875653237104,"z":-0.0009144173236563802,"w":-0.9883005619049072},"size":66.48030090332031,"orthographic":true}