{"cameraMode":{"drawMode":0,"name":"Shaded","section":"Shading Mode"},"sceneLighting":false,"audioPlay":false,"sceneViewState":{"showFog":true,"showMaterialUpdate":false,"showSkybox":true,"showFlares":true,"showImageEffects":true,"showParticleSystems":true},"in2DMode":false,"pivot":{"x":-0.5319738984107971,"y":-0.5062750577926636,"z":12.48103141784668},"rotation":{"x":-0.004499575588852167,"y":0.013499454595148564,"z":-0.000060747632232960314,"w":-0.9998987913131714},"size":17.750158309936525,"orthographic":false}