{"cameraMode":{"drawMode":0,"name":"Shaded","section":"Shading Mode"},"sceneLighting":false,"audioPlay":false,"sceneViewState":{"showFog":true,"showMaterialUpdate":false,"showSkybox":true,"showFlares":true,"showImageEffects":true,"showParticleSystems":true},"in2DMode":false,"pivot":{"x":-0.18813678622245789,"y":0.15052716434001923,"z":12.264203071594239},"rotation":{"x":-0.004499575588852167,"y":0.013499454595148564,"z":-0.000060747632232960314,"w":-0.9998987913131714},"size":16.366872787475587,"orthographic":false}