{"cameraMode":{"drawMode":0,"name":"Shaded","section":"Shading Mode"},"sceneLighting":false,"audioPlay":false,"sceneViewState":{"showFog":true,"showMaterialUpdate":false,"showSkybox":true,"showFlares":true,"showImageEffects":true,"showParticleSystems":true},"in2DMode":false,"pivot":{"x":-2.5015594959259035,"y":-0.31296223402023318,"z":12.429625511169434},"rotation":{"x":-0.004499575588852167,"y":0.013499454595148564,"z":-0.000060747632232960314,"w":-0.9998987913131714},"size":22.899951934814454,"orthographic":false}