{"cameraMode":{"drawMode":0,"name":"Shaded","section":"Shading Mode"},"sceneLighting":true,"audioPlay":false,"sceneViewState":{"showFog":true,"showMaterialUpdate":false,"showSkybox":true,"showFlares":true,"showImageEffects":true,"showParticleSystems":true},"in2DMode":false,"pivot":{"x":0.24215102195739747,"y":0.01596308872103691,"z":-0.30997180938720705},"rotation":{"x":-0.004499575588852167,"y":0.013499454595148564,"z":-0.000060747632232960314,"w":-0.9998987913131714},"size":3.699770927429199,"orthographic":false}