{"cameraMode":{"drawMode":0,"name":"Shaded","section":"Shading Mode"},"sceneLighting":false,"audioPlay":false,"sceneViewState":{"showFog":true,"showMaterialUpdate":false,"showSkybox":true,"showFlares":true,"showImageEffects":true,"showParticleSystems":true},"in2DMode":false,"pivot":{"x":-0.40060460567474368,"y":-0.09750499576330185,"z":12.256239891052246},"rotation":{"x":-0.004499575588852167,"y":0.013499454595148564,"z":-0.000060747632232960314,"w":-0.9998987913131714},"size":14.197607040405274,"orthographic":false}