{"cameraMode":{"drawMode":0,"name":"Shaded","section":"Shading Mode"},"sceneLighting":false,"audioPlay":false,"sceneViewState":{"showFog":true,"showMaterialUpdate":true,"showSkybox":true,"showFlares":true,"showImageEffects":true,"showParticleSystems":true},"in2DMode":false,"pivot":{"x":1919.5648193359375,"y":539.758544921875,"z":-121.55431365966797},"rotation":{"x":-0.03898384049534798,"y":0.01798534207046032,"z":-0.0007017847383394837,"w":-0.9990777373313904},"size":6595.658203125,"orthographic":false}