{"cameraMode":{"drawMode":0,"name":"Shaded","section":"Shading Mode"},"sceneLighting":true,"audioPlay":false,"sceneViewState":{"showFog":true,"showMaterialUpdate":true,"showSkybox":true,"showFlares":true,"showImageEffects":true,"showParticleSystems":true},"in2DMode":false,"pivot":{"x":0.008728861808776856,"y":3.0406785011291506,"z":21.61600112915039},"rotation":{"x":-0.03599019721150398,"y":0.011991950683295727,"z":-0.0004318776773288846,"w":-0.9992801547050476},"size":48.211368560791019,"orthographic":false}