{"cameraMode":{"drawMode":0,"name":"Shaded","section":"Shading Mode"},"sceneLighting":false,"audioPlay":false,"sceneViewState":{"showFog":true,"showMaterialUpdate":true,"showSkybox":true,"showFlares":true,"showImageEffects":true,"showParticleSystems":true},"in2DMode":false,"pivot":{"x":-107.74027252197266,"y":50.71855926513672,"z":-86.7734375},"rotation":{"x":-0.03898384049534798,"y":0.01798534207046032,"z":-0.0007017847383394837,"w":-0.9990777373313904},"size":1063.4102783203125,"orthographic":false}