{"cameraMode":{"drawMode":0,"name":"Shaded","section":"Shading Mode"},"sceneLighting":false,"audioPlay":false,"sceneViewState":{"showFog":true,"showMaterialUpdate":true,"showSkybox":true,"showFlares":true,"showImageEffects":true,"showParticleSystems":true},"in2DMode":false,"pivot":{"x":4.0,"y":1188.637451171875,"z":-0.00014495849609375},"rotation":{"x":-0.03898384049534798,"y":0.01798534207046032,"z":-0.0007017847383394837,"w":-0.9990777373313904},"size":4573.65087890625,"orthographic":false}