{"cameraMode":{"drawMode":0,"name":"Shaded","section":"Shading Mode"},"sceneLighting":true,"audioPlay":false,"sceneViewState":{"showFog":true,"showMaterialUpdate":true,"showSkybox":true,"showFlares":true,"showImageEffects":true,"showParticleSystems":true},"in2DMode":false,"pivot":{"x":-1.5687514543533326,"y":-3.406618595123291,"z":12.33883285522461},"rotation":{"x":-0.03898384049534798,"y":0.01798534207046032,"z":-0.0007017847383394837,"w":-0.9990777373313904},"size":51.58867263793945,"orthographic":false}